,Squad,MP,W,D,L,GF,GA,GD,Pts,Pts/MP,xG,xGA,xGD,xGD/90,Last 5,Attendance,Top Team Scorer,Goalkeeper,Notes,Season
0,Liverpool,16,11,4,1,36,15,21,37,2.31,32.1,19.7,12.4,0.77,W D W W W,50573,Mohamed Salah - 11,Alisson,,2023
1,Arsenal,16,11,3,2,33,15,18,36,2.25,29.0,12.1,16.9,1.06,W W W W L,60147,"Eddie Nketiah, Bukayo Saka - 5",David Raya,,2023
2,Aston Villa,16,11,2,3,35,20,15,35,2.19,28.8,22.2,6.6,0.41,W W D W W,36211,Ollie Watkins - 8,Emiliano Martínez,,2023
3,Manchester City,16,10,3,3,38,18,20,33,2.06,30.6,14.7,15.8,0.99,D D D L W,45700,Erling Haaland - 14,Ederson,,2023
4,Tottenham,16,9,3,4,33,23,10,30,1.88,27.6,26.8,0.8,0.05,L L D L W,53935,Son Heung-min - 10,Guglielmo Vicario,,2023
5,Manchester Utd,16,9,0,7,18,21,-3,27,1.69,25.5,26.6,-1.1,-0.07,W W L W L,73507,Scott McTominay - 5,André Onana,,2023
6,Newcastle Utd,16,8,2,6,33,21,12,26,1.63,31.3,21.4,9.9,0.62,L W W L L,52075,"Callum Wilson, Alexander Isak - 7",Nick Pope,,2023
7,Brighton,16,7,5,4,33,28,5,26,1.63,27.5,23.0,4.6,0.29,D W L W D,31596,Evan Ferguson - 6,Jason Steele,,2023
8,West Ham,16,7,3,6,26,30,-4,24,1.5,23.2,28.4,-5.2,-0.32,W W D W L,62459,Jarrod Bowen - 9,Alphonse Areola,,2023
9,Fulham,16,6,3,7,26,26,0,21,1.31,21.2,27.1,-5.8,-0.37,L W L W W,24298,"Willian, Raúl Jiménez - 4",Bernd Leno,,2023
10,Brentford,16,5,4,7,23,22,1,19,1.19,28.5,20.5,8.0,0.5,L L W L L,17053,Bryan Mbeumo - 7,Mark Flekken,,2023
11,Chelsea,16,5,4,7,26,26,0,19,1.19,30.2,23.8,6.4,0.4,D L W L L,39748,Nicolas Jackson - 6,Robert Sánchez,,2023
12,Wolves,16,5,4,7,21,26,-5,19,1.19,20.4,27.3,-6.9,-0.43,W L L W D,31328,Hwang Hee-chan - 8,José Sá,,2023
13,Bournemouth,16,5,4,7,21,30,-9,19,1.19,22.0,27.8,-5.8,-0.36,W W D W W,11018,Dominic Solanke - 8,Neto,,2023
14,Crystal Palace,16,4,4,8,15,23,-8,16,1.0,19.4,21.8,-2.5,-0.15,L L D L L,24922,Odsonne Édouard - 6,Sam Johnstone,,2023
15,Nott'ham Forest,16,3,5,8,17,28,-11,14,0.88,17.4,24.5,-7.2,-0.45,L L L L D,29268,Taiwo Awoniyi - 4,Matt Turner,,2023
16,Everton,16,7,2,7,20,20,0,13,0.81,25.5,21.1,4.3,0.27,W L W W W,39059,Abdoulaye Doucouré - 6,Jordan Pickford,10-point deduction 1,2023
17,Luton Town,16,2,3,11,17,32,-15,9,0.56,14.9,33.2,-18.3,-1.15,L W L L L,10882,Elijah Adebayo - 4,Thomas Kaminski,,2023
18,Burnley,16,2,2,12,16,34,-18,8,0.5,14.4,26.7,-12.3,-0.77,L L W L D,21567,"Josh Brownhill, Lyle Foster - 3",James Trafford,,2023
19,Sheffield Utd,16,2,2,12,12,41,-29,8,0.5,12.6,33.2,-20.6,-1.29,D L L L W,30656,"Oliver McBurnie, Gustavo Hamer... - 2",Wes Foderingham,,2023
0,Manchester City,38,28,5,5,94,33,61,89,2.34,78.6,32.1,46.5,1.22,,53249,Erling Haaland - 36,Ederson,→ Champions League via league finish,2022
1,Arsenal,38,26,6,6,88,43,45,84,2.21,71.9,42.0,29.9,0.79,,60191,"Martin Ødegaard, Gabriel Martinelli - 15",Aaron Ramsdale,→ Champions League via league finish,2022
2,Manchester Utd,38,23,6,9,58,43,15,75,1.97,67.7,50.4,17.3,0.45,,73671,Marcus Rashford - 17,David de Gea,→ Champions League via league finish,2022
3,Newcastle Utd,38,19,14,5,68,33,35,71,1.87,72.0,39.6,32.4,0.85,,52127,Callum Wilson - 18,Nick Pope,→ Champions League via league finish,2022
4,Liverpool,38,19,10,9,75,47,28,67,1.76,72.6,50.9,21.7,0.57,,53163,Mohamed Salah - 19,Alisson,→ Europa League via league finish,2022
5,Brighton,38,18,8,12,72,53,19,62,1.63,73.3,50.2,23.1,0.61,,31477,Alexis Mac Allister - 10,Robert Sánchez,→ Europa League via league finish,2022
6,Aston Villa,38,18,7,13,51,46,5,61,1.61,50.2,52.5,-2.2,-0.06,,39485,Ollie Watkins - 15,Emiliano Martínez,→ Europa Conference League via league finish,2022
7,Tottenham,38,18,6,14,70,63,7,60,1.58,57.1,49.7,7.4,0.2,,61585,Harry Kane - 30,Hugo Lloris,,2022
8,Brentford,38,15,14,9,58,46,12,59,1.55,56.8,49.9,6.8,0.18,,17078,Ivan Toney - 20,David Raya,,2022
9,Fulham,38,15,7,16,55,53,2,52,1.37,46.2,63.8,-17.6,-0.46,,23746,Aleksandar Mitrović - 14,Bernd Leno,,2022
10,Crystal Palace,38,11,12,15,40,49,-9,45,1.18,39.3,48.1,-8.8,-0.23,,24952,Eberechi Eze - 10,Vicente Guaita,,2022
11,Chelsea,38,11,11,16,38,47,-9,44,1.16,49.5,52.5,-3.0,-0.08,,40002,Kai Havertz - 7,Kepa Arrizabalaga,,2022
12,Wolves,38,11,8,19,31,58,-27,41,1.08,36.8,59.9,-23.1,-0.61,,31482,"Rúben Neves, Daniel Podence - 6",José Sá,,2022
13,West Ham,38,11,7,20,42,55,-13,40,1.05,49.2,53.0,-3.9,-0.1,,62462,"Saïd Benrahma, Jarrod Bowen - 6",Łukasz Fabiański,,2022
14,Bournemouth,38,11,6,21,37,71,-34,39,1.03,38.6,63.9,-25.3,-0.67,,10362,Philip Billing - 7,Neto,,2022
15,Nott'ham Forest,38,9,11,18,38,68,-30,38,1.0,39.3,64.2,-24.9,-0.66,,29188,Taiwo Awoniyi - 10,Dean Henderson,,2022
16,Everton,38,8,12,18,34,57,-23,36,0.95,45.2,65.7,-20.5,-0.54,,39243,Dwight McNeil - 7,Jordan Pickford,,2022
17,Leicester City,38,9,7,22,51,68,-17,34,0.89,50.6,63.4,-12.8,-0.34,,31887,Harvey Barnes - 13,Danny Ward,Relegated,2022
18,Leeds United,38,7,10,21,48,78,-30,31,0.82,47.4,67.2,-19.8,-0.52,,36566,Rodrigo - 13,Illan Meslier,Relegated,2022
19,Southampton,38,6,7,25,36,73,-37,25,0.66,37.7,61.0,-23.3,-0.61,,30440,James Ward-Prowse - 9,Gavin Bazunu,Relegated,2022
0,Manchester City,38,29,6,3,99,26,73,93,2.45,88.7,24.6,64.0,1.68,,52774,Kevin De Bruyne - 15,Ederson,→ Champions League via league finish,2021
1,Liverpool,38,28,8,2,94,26,68,92,2.42,88.7,33.8,54.9,1.45,,53352,Mohamed Salah - 23,Alisson,→ Champions League via league finish,2021
2,Chelsea,38,21,11,6,76,33,43,74,1.95,63.4,33.2,30.1,0.79,,36443,Mason Mount - 11,Edouard Mendy,→ Champions League via league finish,2021
3,Tottenham,38,22,5,11,69,40,29,71,1.87,61.2,39.3,21.9,0.58,,56523,Son Heung-min - 23,Hugo Lloris,→ Champions League via league finish,2021
4,Arsenal,38,22,3,13,61,48,13,69,1.82,60.5,45.7,14.9,0.39,,59665,Bukayo Saka - 11,Aaron Ramsdale,→ Europa League via league finish,2021
5,Manchester Utd,38,16,10,12,57,57,0,58,1.53,55.8,53.0,2.8,0.07,,73150,Cristiano Ronaldo - 18,David de Gea,→ Europa League via league finish,2021
6,West Ham,38,16,8,14,60,51,9,56,1.47,51.4,53.5,-2.1,-0.06,,58370,Jarrod Bowen - 12,Łukasz Fabiański,→ Europa Conference League via league finish,2021
7,Leicester City,38,14,10,14,62,59,3,52,1.37,47.8,59.3,-11.5,-0.3,,32493,Jamie Vardy - 15,Kasper Schmeichel,,2021
8,Brighton,38,12,15,11,42,44,-2,51,1.34,46.2,42.9,3.3,0.09,,30966,"Leandro Trossard, Neal Maupay - 8",Robert Sánchez,,2021
9,Wolves,38,15,6,17,38,43,-5,51,1.34,37.5,56.9,-19.4,-0.51,,30841,Raúl Jiménez - 6,José Sá,,2021
10,Newcastle Utd,38,13,10,15,44,62,-18,49,1.29,38.1,57.1,-19.0,-0.5,,51487,Callum Wilson - 8,Martin Dúbravka,,2021
11,Crystal Palace,38,11,15,12,50,46,4,48,1.26,46.4,40.7,5.7,0.15,,24588,Wilfried Zaha - 14,Vicente Guaita,,2021
12,Brentford,38,13,7,18,48,56,-8,46,1.21,45.8,48.5,-2.7,-0.07,,16918,Ivan Toney - 12,David Raya,,2021
13,Aston Villa,38,13,6,19,52,54,-2,45,1.18,44.0,49.0,-4.9,-0.13,,41681,Ollie Watkins - 11,Emiliano Martínez,,2021
14,Southampton,38,9,13,16,43,67,-24,40,1.05,44.8,60.0,-15.2,-0.4,,30134,James Ward-Prowse - 10,Fraser Forster,,2021
15,Everton,38,11,6,21,43,66,-23,39,1.03,41.2,55.4,-14.2,-0.37,,38446,Richarlison - 10,Jordan Pickford,,2021
16,Leeds United,38,9,11,18,42,79,-37,38,1.0,44.4,67.8,-23.5,-0.62,,36308,Raphinha - 11,Illan Meslier,,2021
17,Burnley,38,7,14,17,34,53,-19,35,0.92,39.7,57.1,-17.4,-0.46,,19278,Maxwel Cornet - 9,Nick Pope,Relegated,2021
18,Watford,38,6,5,27,34,77,-43,23,0.61,40.0,64.5,-24.5,-0.64,,20614,Emmanuel Dennis - 10,Ben Foster,Relegated,2021
19,Norwich City,38,5,7,26,23,84,-61,22,0.58,32.3,75.5,-43.2,-1.14,,26836,Teemu Pukki - 11,Tim Krul,Relegated,2021
